{"cameraMode":{"drawMode":0,"name":"Shaded","section":"Shading Mode"},"sceneLighting":false,"audioPlay":false,"sceneViewState":{"m_AlwaysRefresh":false,"showFog":true,"showSkybox":false,"showFlares":true,"showImageEffects":true,"showParticleSystems":true,"showVisualEffectGraphs":true,"m_FxEnabled":true},"in2DMode":false,"pivot":{"x":0.0018117427825927735,"y":-0.33176612854003909,"z":0.19631221890449525},"rotation":{"x":-0.02219536527991295,"y":-0.9664761424064636,"z":0.23958875238895417,"w":-0.08954694122076035},"size":3.482724905014038,"orthographic":false}