{"cameraMode":{"drawMode":0,"name":"Shaded","section":"Shading Mode"},"sceneLighting":false,"audioPlay":false,"sceneViewState":{"m_AlwaysRefresh":false,"showFog":false,"showSkybox":false,"showFlares":false,"showImageEffects":false,"showParticleSystems":false,"showVisualEffectGraphs":true,"m_FxEnabled":true},"in2DMode":false,"pivot":{"x":-0.05306077003479004,"y":3.0336802005767824,"z":-1.7881393432617188e-7},"rotation":{"x":0.0007419718313030899,"y":-0.9988135695457459,"z":0.025485793128609659,"w":0.0390399768948555},"size":1.499489426612854,"orthographic":false}